{"initial_reset_timestamp": 1501897257.560941, "timestamps": [1501897419.795865, 1501897524.366334, 1501897667.15831], "episode_lengths": [9679, 6266, 8561], "episode_rewards": [-1.0, 11.0, -6.0], "episode_types": ["t", "t", "t", "t"]}